crop_type,fertilizer_band,mean_yield_t_ha
barley,<=20,2.232775448477735
barley,20-40,2.356459031625032
barley,40-60,2.7097970357513392
barley,60-80,2.6590764946693586
barley,80-100,2.695526360548063
barley,100-120,3.0146697143662937
barley,>120,3.2261907668155496
maize,<=20,3.361175252216071
maize,20-40,3.9017862163704393
maize,40-60,4.102768412821921
maize,60-80,4.195685843175156
maize,80-100,4.482142210393167
maize,100-120,4.65364959328602
maize,>120,4.83225056261957
sorghum,<=20,2.244039496203661
sorghum,20-40,2.562318612550288
sorghum,40-60,2.7811787796338776
sorghum,60-80,2.939247255315858
sorghum,80-100,3.0799467649222683
sorghum,100-120,3.4792351330593414
sorghum,>120,2.9452882148620407
teff,<=20,1.7511137325827886
teff,20-40,2.0014491362781266
teff,40-60,2.051514573228959
teff,60-80,2.2226679814089065
teff,80-100,2.340250791481396
teff,100-120,2.4353223563135664
teff,>120,2.0500949974701372
wheat,<=20,2.5595296513587957
wheat,20-40,2.712326664591013
wheat,40-60,2.935476367858111
wheat,60-80,3.1698778914379466
wheat,80-100,2.9553639325851786
wheat,100-120,3.242575639709259
wheat,>120,3.295015879881388
