crop_type,planting_month,mean,count
barley,Aug,2.5774209093764013,534
barley,Feb,2.2384886738451515,584
barley,Jul,2.5743801709490217,588
barley,Jun,2.660332775762808,573
barley,Mar,2.312752511690307,639
maize,Aug,3.8710150849024587,621
maize,Feb,4.10731201332812,609
maize,Jul,3.841541822408989,578
maize,Jun,3.72407972991532,617
maize,Mar,3.957723376390722,611
sorghum,Aug,2.6184495973088957,598
sorghum,Feb,2.7268223542457637,612
sorghum,Jul,2.527109330927779,582
sorghum,Jun,2.4770402730738112,596
sorghum,Mar,2.701287066528428,603
teff,Aug,2.0190427928618115,609
teff,Feb,1.8547356792140635,602
teff,Jul,2.1061630387121006,622
teff,Jun,2.073049839299367,588
teff,Mar,1.9533345844926704,580
wheat,Aug,2.807350512530592,594
wheat,Feb,2.495622193702671,610
wheat,Jul,2.936834512455968,639
wheat,Jun,3.0723252260089002,614
wheat,Mar,2.6830853508384065,597
