survey_year,region,mean,count
2021,Amhara,3.1454717259263996,751
2021,Oromia,3.036276639617018,731
2021,SNNPR,2.865577333974548,699
2021,Somali,1.2852671755114664,751
2021,Tigray,3.149459563594672,790
2022,Amhara,3.075580282461487,707
2022,Oromia,3.0247016564699196,754
2022,SNNPR,3.019779607694438,759
2022,Somali,1.674672402789814,781
2022,Tigray,3.145122490715729,759
2023,Amhara,3.1030115780857237,749
2023,Oromia,3.1277437603250933,748
2023,SNNPR,3.163904812157119,711
2023,Somali,1.414886731283774,746
2023,Tigray,3.1534118324345233,777
2024,Amhara,3.1825795563409547,755
2024,Oromia,3.0913972049038905,724
2024,SNNPR,3.096992132114096,793
2024,Somali,1.4781236893746013,771
2024,Tigray,3.0629330677379647,744
