region,survey_year,anomaly,season_mean_temp_region_average
Amhara,2021,-0.37032151575676886,16.76214832320504
Amhara,2022,1.2067553630363028,16.76214832320504
Amhara,2023,-1.5986662772585676,16.76214832320504
Amhara,2024,-0.5215990618101553,16.76214832320504
Oromia,2021,0.08085052819577548,18.866311577048812
Oromia,2022,0.665063181550249,18.866311577048812
Oromia,2023,-0.5458314765300079,18.866311577048812
Oromia,2024,-0.9506311387354208,18.866311577048812
SNNPR,2021,0.9407829637577476,20.126015642583837
SNNPR,2022,-0.7367767347386922,20.126015642583837
SNNPR,2023,-0.7635211556493205,20.126015642583837
SNNPR,2024,-0.6509462133949863,20.126015642583837
Somali,2021,1.4815648579671583,28.37355143762982
Somali,2022,-2.7447356487409276,28.37355143762982
Somali,2023,0.13216878909741164,28.37355143762982
Somali,2024,0.06252296800692113,28.37355143762982
Tigray,2021,-0.4848703410689164,17.716444082519
Tigray,2022,-1.7404033541941155,17.716444082519
Tigray,2023,-1.377092047404548,17.716444082519
Tigray,2024,2.218184363799282,17.716444082519
