region,survey_year,plot_rain,station_rain
Amhara,2021,852.7405029278189,637.9043941411452
Amhara,2022,868.0915121890587,250.9024045261669
Amhara,2023,856.0196135112125,452.2121495327103
Amhara,2024,857.1837684751692,323.0014569536424
Oromia,2021,850.789240199168,350.7589603283174
Oromia,2022,860.5001341293746,508.3378647214854
Oromia,2023,849.6401895950993,489.6358288770054
Oromia,2024,861.8599656682302,449.521408839779
SNNPR,2021,852.8573240749411,594.2775393419171
SNNPR,2022,861.8768550615445,484.0546772068511
SNNPR,2023,851.6590830660529,498.73347398030944
SNNPR,2024,857.529009167153,504.636948297604
Somali,2021,864.1456430539996,141.88535286284952
Somali,2022,842.3824857887238,179.60985915492955
Somali,2023,856.7722158547228,154.8455764075067
Somali,2024,855.7817943126126,73.3343709468223
Tigray,2021,856.779894173851,412.76556962025313
Tigray,2022,851.6703489030666,424.57562582345196
Tigray,2023,868.1838853945914,306.0272844272844
Tigray,2024,849.9424385310589,220.2700268817204
