feature,importance
season_mean_temp,0.7095750259199771
altitude_m,0.6964078943493412
crop_type_maize,0.41616741179343164
crop_type_teff,0.3012976569202911
pest_disease_flag,0.2320748469957529
soil_quality_index,0.16373365451030972
crop_type_barley,0.10667484788147741
crop_type_wheat,0.08769887308294745
fertilizer_kg_per_ha,0.0829480510807776
crop_type_sorghum,0.05564927681225055
improved_seed_used,0.05522954894285735
fertilizer_seed_interaction,0.05374773214503786
rainfall_mm_season,0.03430549480830684
labor_days_per_ha,0.010624394792773351
season_extreme_heat_days,0.004257303115079392
season_temp_anomaly,0.002942386277453113
rainfall_reporting_ratio,0.0012116532060220675
region_SNNPR,0.0011273367958345992
temp_rainfall_interaction,0.0010135529011865874
season_temp_std,0.0004340729059454596
season_rainfall_mm,0.0002756008770453122
season_rainfall_std,0.00022548722036557222
planting_month_num,0.00017642599586001895
weather_months_observed,0.00014705524626318356
distance_to_market_km,0.00014308470473817225
survey_year,1.132171679861793e-05
region_Oromia,6.851672161944933e-06
planting_month_Feb,0.0
planting_month_Mar,0.0
region_Somali,0.0
region_Amhara,0.0
planting_month_Aug,0.0
planting_month_Jun,-3.7890496442205544e-06
planting_month_Jul,-6.8345164573879735e-06
region_Tigray,-1.0442268742971716e-05
farm_size_ha,-0.0004074983185075709
