feature,importance_mean,importance_std
altitude_m,0.7113715777542711,0.0
season_mean_temp,0.7038548938492439,0.0
crop_type_maize,0.39894807070748733,0.0
crop_type_teff,0.3454310741726259,0.0
pest_disease_flag,0.25045608958740256,0.0
soil_quality_index,0.17302995068652632,0.0
crop_type_barley,0.10588155291208662,0.0
fertilizer_kg_per_ha,0.08727167030726296,0.0
crop_type_wheat,0.08168910537314239,0.0
crop_type_sorghum,0.07133862472940694,0.0
improved_seed_used,0.051545606610936934,0.0
fertilizer_seed_interaction,0.05058765910356228,0.0
rainfall_mm_season,0.031081276002312197,0.0
labor_days_per_ha,0.008225526076669432,0.0
season_extreme_heat_days,0.005033653574835317,0.0
season_temp_anomaly,0.0010364908968824027,0.0
season_rainfall_mm,0.0008286726465321914,0.0
region_SNNPR,0.0007862633045643275,0.0
season_temp_std,0.0006940439675857113,0.0
season_rainfall_std,0.0006841574581046839,0.0
planting_month_Jun,0.0003641706649595289,0.0
temp_rainfall_interaction,0.0003298635505649128,0.0
rainfall_reporting_ratio,0.00020319164425541825,0.0
distance_to_market_km,0.0001387170454517639,0.0
planting_month_Jul,0.0001362381670848567,0.0
region_Tigray,1.2229423759058111e-05,0.0
planting_month_Feb,1.1473000833317482e-05,0.0
region_Oromia,0.0,0.0
planting_month_Aug,0.0,0.0
planting_month_Mar,0.0,0.0
region_Somali,0.0,0.0
region_Amhara,0.0,0.0
planting_month_num,-6.910423707945368e-05,0.0
farm_size_ha,-8.36775570642323e-05,0.0
survey_year,-0.00010889059762547726,0.0
weather_months_observed,-0.00012816879225874267,0.0
