table,stage,value
plot_train,before,AMHARA
plot_train,before,Amhara
plot_train,before,OROMIA
plot_train,before,Oromia
plot_train,before,SNNPR
plot_train,before,SOMALI
plot_train,before,Somali
plot_train,before,TIGRAY
plot_train,before,Tigray
plot_train,before,amhara
plot_train,before,oromia
plot_train,before,snnpr
plot_train,before,somali
plot_train,before,tigray
plot_train,after,Amhara
plot_train,after,Oromia
plot_train,after,SNNPR
plot_train,after,Somali
plot_train,after,Tigray
weather,before,AMH
weather,before,Amhara
weather,before,ORO
weather,before,Oromia
weather,before,SNNP
weather,before,SNNPR
weather,before,SOM
weather,before,Somali
weather,before,TIG
weather,before,Tigray
weather,before,amhara
weather,before,oromia
weather,before,snnpr
weather,before,somali
weather,before,tigray
weather,after,Amhara
weather,after,Oromia
weather,after,SNNPR
weather,after,Somali
weather,after,Tigray
price_crop,before,Barley
price_crop,before,Maize
price_crop,before,Sorghum
price_crop,before,Wheat
price_crop,before,barley
price_crop,before,maize
price_crop,before,sorghum
price_crop,before,teff
price_crop,before,wheat
price_crop,after,barley
price_crop,after,maize
price_crop,after,sorghum
price_crop,after,teff
price_crop,after,wheat
plot_crop,before,BARLEY
plot_crop,before,Barley
plot_crop,before,MAIZE
plot_crop,before,Maize
plot_crop,before,SORGHUM
plot_crop,before,Sorghum
plot_crop,before,TEFF
plot_crop,before,Tef
plot_crop,before,Teff
plot_crop,before,WHEAT
plot_crop,before,Wheat
plot_crop,before,barley
plot_crop,before,maize
plot_crop,before,sorghum
plot_crop,before,teff
plot_crop,before,wheat
plot_crop,after,barley
plot_crop,after,maize
plot_crop,after,sorghum
plot_crop,after,teff
plot_crop,after,wheat
